ROUTE,PAGE TYPE,INDEXABLE?,TITLE,META DESCRIPTION,H1,CANONICAL,ROBOTS,STRUCTURED DATA,AUTHOR,DATE PUBLISHED,DATE UPDATED,SOURCES/CITATIONS,INTERNAL LINKS IN,INTERNAL LINKS OUT,CONTENT FRESHNESS,NOTES
/,homepage,Yes (technical eligibility; index inclusion unknown),ZoraSafe Foundation,Safety through knowledge. Research that leads to real-world prevention.,Safety through knowledge.,https://www.zorasafefoundation.org,"index, follow",Organization,Not identified; no byline,Not stated,Not stated,None,/education; /programs; /research; /about; /leadership; /partner; /contact; /support; /accessibility; /education/recognize-a-scam; /education/verify-before-you-trust; /education/ai-impersonation; /education/suspicious-message; /education/account-safety,/; /about; /accessibility; /contact; /education; /leadership; /partner; /programs; /research; /support,No maintained editorial date; omit lastmod,
/education,education/resource hub,Yes (technical eligibility; index inclusion unknown),Education & Resources | ZoraSafe Foundation,"Practical digital safety guides, checklists, and training pathways for individuals, families, caregivers, and community organizations.",Digital safety knowledge people can use.,https://www.zorasafefoundation.org/education,"index, follow",Organization; BreadcrumbList,Not identified; no byline,Not stated,Not stated,None,/; /programs; /research; /about; /leadership; /partner; /contact; /support; /accessibility; /education/recognize-a-scam; /education/verify-before-you-trust; /education/ai-impersonation; /education/suspicious-message; /education/account-safety,/; /about; /accessibility; /contact; /education; /education/account-safety; /education/ai-impersonation; /education/recognize-a-scam; /education/suspicious-message; /education/verify-before-you-trust; /leadership; /partner; /programs; /research; /support,No maintained editorial date; omit lastmod,
/programs,program,Yes (technical eligibility; index inclusion unknown),Programs | ZoraSafe Foundation,"Four Foundation program areas connecting digital safety education, practical skills, family learning, and technology access with communities.",Bringing digital safety into communities.,https://www.zorasafefoundation.org/programs,"index, follow",Organization; BreadcrumbList,Not identified; no byline,Not stated,Not stated,None,/; /education; /research; /about; /leadership; /partner; /contact; /support; /accessibility; /education/recognize-a-scam; /education/verify-before-you-trust; /education/ai-impersonation; /education/suspicious-message; /education/account-safety,/; /about; /accessibility; /contact; /education; /leadership; /partner; /programs; /research; /support,No maintained editorial date; omit lastmod,
/research,research overview,Yes (technical eligibility; index inclusion unknown),Research | ZoraSafe Foundation,"Explore the Foundation’s Study, Translate, Prevent model and research priorities for practical digital safety education and prevention.",Research that leads to real-world prevention.,https://www.zorasafefoundation.org/research,"index, follow",Organization; BreadcrumbList,Not identified; no byline,Not stated,Not stated,None,/; /education; /programs; /about; /leadership; /partner; /contact; /support; /accessibility; /education/recognize-a-scam; /education/verify-before-you-trust; /education/ai-impersonation; /education/suspicious-message; /education/account-safety,/; /about; /accessibility; /contact; /education; /education/ai-impersonation; /education/verify-before-you-trust; /leadership; /partner; /programs; /research; /support,No maintained editorial date; omit lastmod,Research direction only; zero published reports. No Article/ScholarlyArticle claims.
/about,about,Yes (technical eligibility; index inclusion unknown),About | ZoraSafe Foundation,"The ZoraSafe Foundation’s mission is closing the digital safety knowledge gap through public-interest education, research, prevention, and access.",Closing the digital safety knowledge gap.,https://www.zorasafefoundation.org/about,"index, follow",Organization; BreadcrumbList,Not identified; no byline,Not stated,Not stated,None,/; /education; /programs; /research; /leadership; /partner; /contact; /support; /accessibility; /education/recognize-a-scam; /education/verify-before-you-trust; /education/ai-impersonation; /education/suspicious-message; /education/account-safety,/; /about; /accessibility; /contact; /education; /leadership; /partner; /programs; /research; /support,No maintained editorial date; omit lastmod,
/leadership,leadership; noindex candidate,Yes (technical eligibility; index inclusion unknown),Leadership | ZoraSafe Foundation,"Leadership information for the ZoraSafe Foundation, with a contact pathway for organizational and governance inquiries.",People behind a public-interest mission.,https://www.zorasafefoundation.org/leadership,"index, follow",Organization; BreadcrumbList,Not identified; no byline,Not stated,Not stated,None,/; /education; /programs; /research; /about; /partner; /contact; /support; /accessibility; /education/recognize-a-scam; /education/verify-before-you-trust; /education/ai-impersonation; /education/suspicious-message; /education/account-safety,/; /about; /accessibility; /contact; /education; /leadership; /partner; /programs; /research; /support,No maintained editorial date; omit lastmod,Coming-soon content; thin candidate. Index policy unchanged pending actual leadership information.
/partner,partnership,Yes (technical eligibility; index inclusion unknown),Partner With Us | ZoraSafe Foundation,"Explore community education, training, research, and access partnerships with the ZoraSafe Foundation.",Building safer communities takes all of us.,https://www.zorasafefoundation.org/partner,"index, follow",Organization; BreadcrumbList,Not identified; no byline,Not stated,Not stated,None,/; /education; /programs; /research; /about; /leadership; /contact; /support; /accessibility; /education/recognize-a-scam; /education/verify-before-you-trust; /education/ai-impersonation; /education/suspicious-message; /education/account-safety,/; /about; /accessibility; /contact; /education; /leadership; /partner; /programs; /research; /support,No maintained editorial date; omit lastmod,
/contact,contact,Yes (technical eligibility; index inclusion unknown),Contact | ZoraSafe Foundation,"Contact the ZoraSafe Foundation about general questions, partnerships, community training, and research collaboration.",Start a conversation.,https://www.zorasafefoundation.org/contact,"index, follow",Organization; BreadcrumbList,Not identified; no byline,Not stated,Not stated,None,/; /education; /programs; /research; /about; /leadership; /partner; /support; /accessibility; /education/recognize-a-scam; /education/verify-before-you-trust; /education/ai-impersonation; /education/suspicious-message; /education/account-safety,/; /about; /accessibility; /contact; /education; /leadership; /partner; /programs; /research; /support,No maintained editorial date; omit lastmod,
/support,support/donation,Yes (technical eligibility; index inclusion unknown),Support Our Work | ZoraSafe Foundation,"Learn how support can help develop community workshops, education, research, training materials, and technology access.",Help bring digital safety education where it’s needed most.,https://www.zorasafefoundation.org/support,"index, follow",Organization; BreadcrumbList,Not identified; no byline,Not stated,Not stated,None,/; /education; /programs; /research; /about; /leadership; /partner; /contact; /accessibility; /education/recognize-a-scam; /education/verify-before-you-trust; /education/ai-impersonation; /education/suspicious-message; /education/account-safety,/; /about; /accessibility; /contact; /education; /leadership; /partner; /programs; /research; /support,No maintained editorial date; omit lastmod,
/accessibility,utility/accessibility,Yes (technical eligibility; index inclusion unknown),Accessibility statement | ZoraSafe Foundation,"How ZoraSafe Foundation supports accessible digital safety education, and how to request help or report a website accessibility issue.",Accessibility statement,https://www.zorasafefoundation.org/accessibility,"index, follow",Organization,Not identified; no byline,Not stated,Not stated,None,/; /education; /programs; /research; /about; /leadership; /partner; /contact; /support; /education/recognize-a-scam; /education/verify-before-you-trust; /education/ai-impersonation; /education/suspicious-message; /education/account-safety,/; /about; /accessibility; /contact; /education; /leadership; /partner; /programs; /research; /support,No maintained editorial date; omit lastmod,Utility excluded from new sitemap; remains indexable. Page-specific OG/description corrected.
/education/recognize-a-scam,individual resource,Yes (technical eligibility; index inclusion unknown),Recognize a scam | ZoraSafe Foundation,"Notice pressure, unusual payment requests, and stories that need an independent check.",Recognize a scam,https://www.zorasafefoundation.org/education/recognize-a-scam,"index, follow",Organization; LearningResource; BreadcrumbList,Not identified; publisher ZoraSafe Foundation visible,2026-10-07,2026-10-07 (same as publication in data),https://consumer.ftc.gov/articles/how-avoid-scam; https://consumer.ftc.gov/articles/what-do-if-you-were-scammed; https://reportfraud.ftc.gov/; https://www.identitytheft.gov/,/education; /education/verify-before-you-trust; /education/ai-impersonation,/; /about; /accessibility; /contact; /education; /education/recognize-a-scam; /education/suspicious-message; /education/verify-before-you-trust; /leadership; /partner; /programs; /research; /support,Published 2026-10-07; no later review claimed,
/education/verify-before-you-trust,individual resource,Yes (technical eligibility; index inclusion unknown),Verify before you trust | ZoraSafe Foundation,"Use a separate, familiar contact method before acting on an unexpected request.",Verify before you trust,https://www.zorasafefoundation.org/education/verify-before-you-trust,"index, follow",Organization; LearningResource; BreadcrumbList,Not identified; publisher ZoraSafe Foundation visible,2026-10-07,2026-10-07 (same as publication in data),https://consumer.ftc.gov/articles/what-do-if-you-were-scammed; https://reportfraud.ftc.gov/; https://www.consumerfinance.gov/ask-cfpb/what-are-some-classic-warning-signs-of-possible-fraud-and-scams-en-2094/; https://www.identitytheft.gov/,/education; /research; /education/recognize-a-scam; /education/ai-impersonation; /education/suspicious-message; /education/account-safety,/; /about; /accessibility; /contact; /education; /education/ai-impersonation; /education/recognize-a-scam; /education/verify-before-you-trust; /leadership; /partner; /programs; /research; /support,Published 2026-10-07; no later review claimed,
/education/ai-impersonation,individual resource,Yes (technical eligibility; index inclusion unknown),When a familiar voice may not be real | ZoraSafe Foundation,Respond calmly to possible AI impersonation without having to become a deepfake expert.,When a familiar voice may not be real,https://www.zorasafefoundation.org/education/ai-impersonation,"index, follow",Organization; LearningResource; BreadcrumbList,Not identified; publisher ZoraSafe Foundation visible,2026-10-07,2026-10-07 (same as publication in data),https://consumer.ftc.gov/articles/what-do-if-you-were-scammed; https://consumer.ftc.gov/consumer-alerts/2023/03/scammers-use-ai-enhance-their-family-emergency-schemes; https://reportfraud.ftc.gov/; https://www.identitytheft.gov/,/education; /research; /education/verify-before-you-trust,/; /about; /accessibility; /contact; /education; /education/ai-impersonation; /education/recognize-a-scam; /education/verify-before-you-trust; /leadership; /partner; /programs; /research; /support,Published 2026-10-07; no later review claimed,
/education/suspicious-message,individual resource,Yes (technical eligibility; index inclusion unknown),What to do with a suspicious message | ZoraSafe Foundation,"A simple checklist for unexpected texts, emails, and direct messages.",What to do with a suspicious message,https://www.zorasafefoundation.org/education/suspicious-message,"index, follow",Organization; LearningResource; BreadcrumbList,Not identified; publisher ZoraSafe Foundation visible,2026-10-07,2026-10-07 (same as publication in data),https://consumer.ftc.gov/articles/how-recognize-avoid-phishing-scams; https://reportfraud.ftc.gov/; https://www.identitytheft.gov/; https://www.nist.gov/itl/smallbusinesscyber/guidance-topic/phishing,/education; /education/recognize-a-scam; /education/account-safety,/; /about; /accessibility; /contact; /education; /education/account-safety; /education/suspicious-message; /education/verify-before-you-trust; /leadership; /partner; /programs; /research; /support,Published 2026-10-07; no later review claimed,
/education/account-safety,individual resource,Yes (technical eligibility; index inclusion unknown),Make your accounts safer | ZoraSafe Foundation,"Build a manageable routine for passwords, extra sign-in protection, and account recovery.",Make your accounts safer,https://www.zorasafefoundation.org/education/account-safety,"index, follow",Organization; LearningResource; BreadcrumbList,Not identified; publisher ZoraSafe Foundation visible,2026-10-07,2026-10-07 (same as publication in data),https://consumer.ftc.gov/articles/protect-your-personal-information-hackers-and-scammers; https://reportfraud.ftc.gov/; https://www.cisa.gov/audiences/small-and-medium-businesses/secure-your-business/require-multifactor-authentication; https://www.identitytheft.gov/,/education; /education/suspicious-message,/; /about; /accessibility; /contact; /education; /education/account-safety; /education/suspicious-message; /education/verify-before-you-trust; /leadership; /partner; /programs; /research; /support,Published 2026-10-07; no later review claimed,
